date,nino34_sst_degC,nino34_anomaly_degC
1950-01-01,24.560,-1.993
1950-02-01,25.068,-1.696
1950-03-01,25.879,-1.417
1950-04-01,26.289,-1.538
1950-05-01,26.193,-1.743
1950-06-01,26.469,-1.261
1950-07-01,26.281,-1.013
1950-08-01,25.879,-0.978
1950-09-01,25.732,-0.987
1950-10-01,25.683,-1.035
1950-11-01,25.463,-1.241
1950-12-01,25.293,-1.309
1951-01-01,25.255,-1.298
1951-02-01,25.725,-1.040
1951-03-01,26.912,-0.384
1951-04-01,27.593,-0.234
1951-05-01,27.926,-0.010
1951-06-01,27.728,-0.001
1951-07-01,27.592,0.298
1951-08-01,27.014,0.157
1951-09-01,27.220,0.501
1951-10-01,27.196,0.478
1951-11-01,27.252,0.547
1951-12-01,26.916,0.314
1952-01-01,26.675,0.122
1952-02-01,26.752,-0.012
1952-03-01,27.186,-0.110
1952-04-01,27.809,-0.018
1952-05-01,27.791,-0.145
1952-06-01,27.181,-0.549
1952-07-01,26.525,-0.769
1952-08-01,26.296,-0.561
1952-09-01,26.353,-0.366
1952-10-01,26.253,-0.465
1952-11-01,25.916,-0.788
1952-12-01,26.206,-0.396
1953-01-01,26.738,0.185
1953-02-01,27.001,0.236
1953-03-01,27.571,0.275
1953-04-01,28.032,0.205
1953-05-01,28.275,0.339
1953-06-01,28.116,0.387
1953-07-01,27.424,0.131
1953-08-01,26.931,0.074
1953-09-01,26.998,0.279
1953-10-01,26.868,0.149
1953-11-01,26.876,0.172
1953-12-01,27.005,0.403
1954-01-01,26.977,0.424
1954-02-01,27.030,0.265
1954-03-01,26.911,-0.385
1954-04-01,26.650,-1.177
1954-05-01,27.114,-0.823
1954-06-01,26.789,-0.940
1954-07-01,26.104,-1.190
1954-08-01,25.419,-1.438
1954-09-01,25.111,-1.607
1954-10-01,25.225,-1.494
1954-11-01,25.564,-1.140
1954-12-01,25.261,-1.341
1955-01-01,25.620,-0.933
1955-02-01,25.818,-0.947
1955-03-01,26.230,-1.066
1955-04-01,26.610,-1.217
1955-05-01,26.655,-1.282
1955-06-01,26.542,-1.187
1955-07-01,26.139,-1.155
1955-08-01,25.503,-1.354
1955-09-01,25.277,-1.442
1955-10-01,24.408,-2.310
1955-11-01,24.252,-2.452
1955-12-01,24.569,-2.033
1956-01-01,25.344,-1.209
1956-02-01,25.775,-0.990
1956-03-01,26.467,-0.829
1956-04-01,26.857,-0.969
1956-05-01,27.130,-0.806
1956-06-01,26.809,-0.921
1956-07-01,26.223,-1.071
1956-08-01,25.672,-1.185
1956-09-01,25.723,-0.996
1956-10-01,25.742,-0.976
1956-11-01,25.559,-1.145
1956-12-01,25.706,-0.897
1957-01-01,26.039,-0.514
1957-02-01,26.539,-0.226
1957-03-01,27.458,0.162
1957-04-01,28.229,0.402
1957-05-01,28.538,0.601
1957-06-01,28.345,0.616
1957-07-01,28.146,0.853
1957-08-01,27.681,0.824
1957-09-01,27.422,0.703
1957-10-01,27.407,0.688
1957-11-01,27.615,0.911
1957-12-01,27.892,1.289
1958-01-01,28.316,1.763
1958-02-01,28.239,1.474
1958-03-01,28.268,0.972
1958-04-01,28.276,0.449
1958-05-01,28.303,0.367
1958-06-01,27.983,0.253
1958-07-01,27.314,0.020
1958-08-01,26.844,-0.013
1958-09-01,26.397,-0.322
1958-10-01,26.446,-0.273
1958-11-01,26.749,0.045
1958-12-01,26.615,0.012
1959-01-01,27.070,0.517
1959-02-01,27.180,0.416
1959-03-01,27.471,0.175
1959-04-01,27.878,0.052
1959-05-01,27.695,-0.242
1959-06-01,27.362,-0.367
1959-07-01,26.431,-0.863
1959-08-01,26.087,-0.770
1959-09-01,25.919,-0.799
1959-10-01,26.238,-0.480
1959-11-01,26.042,-0.662
1959-12-01,26.178,-0.424
1960-01-01,26.263,-0.290
1960-02-01,26.293,-0.472
1960-03-01,26.989,-0.307
1960-04-01,27.488,-0.338
1960-05-01,27.678,-0.259
1960-06-01,27.233,-0.497
1960-07-01,26.873,-0.421
1960-08-01,26.688,-0.169
1960-09-01,26.427,-0.292
1960-10-01,26.214,-0.505
1960-11-01,26.247,-0.458
1960-12-01,26.219,-0.383
1961-01-01,26.232,-0.321
1961-02-01,26.559,-0.206
1961-03-01,26.942,-0.354
1961-04-01,27.369,-0.458
1961-05-01,27.746,-0.190
1961-06-01,27.656,-0.074
1961-07-01,26.870,-0.424
1961-08-01,26.178,-0.679
1961-09-01,25.775,-0.943
1961-10-01,25.703,-1.015
1961-11-01,26.065,-0.639
1961-12-01,25.976,-0.626
1962-01-01,25.963,-0.590
1962-02-01,26.196,-0.568
1962-03-01,26.808,-0.487
1962-04-01,27.133,-0.694
1962-05-01,27.050,-0.887
1962-06-01,27.076,-0.654
1962-07-01,26.753,-0.541
1962-08-01,26.321,-0.536
1962-09-01,25.932,-0.787
1962-10-01,25.963,-0.755
1962-11-01,25.751,-0.953
1962-12-01,25.670,-0.932
1963-01-01,25.771,-0.782
1963-02-01,26.230,-0.535
1963-03-01,27.182,-0.114
1963-04-01,27.787,-0.040
1963-05-01,27.631,-0.306
1963-06-01,27.611,-0.118
1963-07-01,27.772,0.478
1963-08-01,27.468,0.611
1963-09-01,27.390,0.671
1963-10-01,27.352,0.634
1963-11-01,27.461,0.756
1963-12-01,27.609,1.006
1964-01-01,27.332,0.779
1964-02-01,27.131,0.367
1964-03-01,27.022,-0.274
1964-04-01,26.948,-0.879
1964-05-01,26.816,-1.120
1964-06-01,26.581,-1.149
1964-07-01,26.328,-0.966
1964-08-01,25.585,-1.272
1964-09-01,25.315,-1.403
1964-10-01,25.362,-1.356
1964-11-01,25.255,-1.449
1964-12-01,25.220,-1.382
1965-01-01,25.657,-0.896
1965-02-01,26.202,-0.562
1965-03-01,26.951,-0.345
1965-04-01,27.384,-0.443
1965-05-01,27.989,0.053
1965-06-01,28.084,0.355
1965-07-01,27.893,0.599
1965-08-01,27.957,1.100
1965-09-01,27.996,1.277
1965-10-01,28.153,1.434
1965-11-01,28.107,1.403
1965-12-01,27.947,1.345
1966-01-01,27.664,1.111
1966-02-01,27.554,0.789
1966-03-01,28.213,0.917
1966-04-01,28.161,0.334
1966-05-01,27.548,-0.389
1966-06-01,27.633,-0.096
1966-07-01,27.320,0.026
1966-08-01,26.479,-0.378
1966-09-01,26.269,-0.450
1966-10-01,26.223,-0.495
1966-11-01,26.227,-0.477
1966-12-01,26.023,-0.580
1967-01-01,25.878,-0.675
1967-02-01,26.119,-0.645
1967-03-01,26.510,-0.786
1967-04-01,26.748,-1.079
1967-05-01,27.351,-0.585
1967-06-01,27.464,-0.265
1967-07-01,26.960,-0.334
1967-08-01,26.427,-0.430
1967-09-01,25.849,-0.870
1967-10-01,25.965,-0.753
1967-11-01,26.075,-0.629
1967-12-01,25.946,-0.656
1968-01-01,25.692,-0.861
1968-02-01,25.693,-1.071
1968-03-01,26.341,-0.955
1968-04-01,27.104,-0.723
1968-05-01,27.188,-0.748
1968-06-01,27.869,0.140
1968-07-01,27.565,0.271
1968-08-01,27.004,0.147
1968-09-01,26.719,0.001
1968-10-01,26.747,0.029
1968-11-01,27.197,0.493
1968-12-01,27.266,0.664
1969-01-01,27.498,0.945
1969-02-01,27.862,1.097
1969-03-01,27.830,0.534
1969-04-01,28.138,0.311
1969-05-01,28.290,0.354
1969-06-01,27.695,-0.035
1969-07-01,27.080,-0.214
1969-08-01,27.017,0.160
1969-09-01,27.149,0.430
1969-10-01,27.340,0.621
1969-11-01,27.109,0.404
1969-12-01,26.984,0.381
1970-01-01,26.836,0.283
1970-02-01,26.962,0.198
1970-03-01,27.153,-0.143
1970-04-01,27.747,-0.080
1970-05-01,27.631,-0.305
1970-06-01,27.035,-0.695
1970-07-01,26.205,-1.089
1970-08-01,25.593,-1.264
1970-09-01,25.638,-1.081
1970-10-01,25.593,-1.125
1970-11-01,25.567,-1.138
1970-12-01,25.269,-1.333
1971-01-01,24.820,-1.733
1971-02-01,25.196,-1.569
1971-03-01,25.933,-1.362
1971-04-01,26.640,-1.187
1971-05-01,26.953,-0.984
1971-06-01,26.596,-1.133
1971-07-01,26.122,-1.172
1971-08-01,25.744,-1.112
1971-09-01,25.708,-1.010
1971-10-01,25.465,-1.253
1971-11-01,25.552,-1.152
1971-12-01,25.370,-1.233
1972-01-01,25.632,-0.921
1972-02-01,26.310,-0.455
1972-03-01,27.095,-0.201
1972-04-01,27.897,0.071
1972-05-01,28.312,0.375
1972-06-01,28.180,0.451
1972-07-01,28.135,0.841
1972-08-01,27.941,1.084
1972-09-01,27.939,1.220
1972-10-01,28.255,1.536
1972-11-01,28.596,1.892
1972-12-01,28.679,2.077
1973-01-01,28.333,1.780
1973-02-01,27.950,1.185
1973-03-01,27.556,0.260
1973-04-01,27.250,-0.577
1973-05-01,26.967,-0.969
1973-06-01,26.548,-1.182
1973-07-01,25.757,-1.537
1973-08-01,25.226,-1.631
1973-09-01,25.062,-1.656
1973-10-01,24.736,-1.982
1973-11-01,24.340,-2.364
1973-12-01,24.341,-2.262
1974-01-01,24.465,-2.088
1974-02-01,25.112,-1.652
1974-03-01,25.857,-1.439
1974-04-01,26.476,-1.351
1974-05-01,26.646,-1.291
1974-06-01,26.532,-1.197
1974-07-01,26.392,-0.902
1974-08-01,26.328,-0.529
1974-09-01,26.070,-0.649
1974-10-01,25.771,-0.948
1974-11-01,25.606,-1.098
1974-12-01,25.625,-0.977
1975-01-01,26.098,-0.455
1975-02-01,26.082,-0.683
1975-03-01,26.205,-1.091
1975-04-01,26.870,-0.957
1975-05-01,26.802,-1.135
1975-06-01,26.234,-1.495
1975-07-01,25.901,-1.393
1975-08-01,25.335,-1.522
1975-09-01,25.054,-1.665
1975-10-01,24.886,-1.833
1975-11-01,25.046,-1.658
1975-12-01,24.670,-1.932
1976-01-01,24.542,-2.011
1976-02-01,25.493,-1.271
1976-03-01,26.464,-0.832
1976-04-01,26.891,-0.935
1976-05-01,27.200,-0.736
1976-06-01,27.347,-0.383
1976-07-01,27.121,-0.173
1976-08-01,26.976,0.119
1976-09-01,27.016,0.297
1976-10-01,27.460,0.742
1976-11-01,27.407,0.703
1976-12-01,27.084,0.482
1977-01-01,27.321,0.768
1977-02-01,27.133,0.368
1977-03-01,27.479,0.183
1977-04-01,27.447,-0.380
1977-05-01,27.721,-0.215
1977-06-01,27.738,0.008
1977-07-01,27.377,0.083
1977-08-01,26.844,-0.013
1977-09-01,27.113,0.394
1977-10-01,27.336,0.617
1977-11-01,27.183,0.479
1977-12-01,27.289,0.686
1978-01-01,27.166,0.612
1978-02-01,27.010,0.245
1978-03-01,27.098,-0.198
1978-04-01,27.121,-0.706
1978-05-01,27.198,-0.738
1978-06-01,27.018,-0.712
1978-07-01,26.735,-0.558
1978-08-01,26.066,-0.791
1978-09-01,26.010,-0.708
1978-10-01,26.248,-0.470
1978-11-01,26.324,-0.380
1978-12-01,26.541,-0.062
1979-01-01,26.417,-0.136
1979-02-01,26.543,-0.221
1979-03-01,27.276,-0.020
1979-04-01,27.841,0.014
1979-05-01,27.693,-0.243
1979-06-01,27.433,-0.296
1979-07-01,26.825,-0.469
1979-08-01,26.752,-0.105
1979-09-01,26.991,0.272
1979-10-01,26.831,0.113
1979-11-01,26.992,0.288
1979-12-01,27.114,0.512
1980-01-01,27.088,0.535
1980-02-01,26.980,0.215
1980-03-01,27.316,0.021
1980-04-01,27.759,-0.067
1980-05-01,28.016,0.079
1980-06-01,27.939,0.209
1980-07-01,27.231,-0.063
1980-08-01,26.478,-0.379
1980-09-01,26.441,-0.278
1980-10-01,26.461,-0.257
1980-11-01,26.602,-0.102
1980-12-01,26.646,0.044
1981-01-01,26.189,-0.364
1981-02-01,26.124,-0.641
1981-03-01,26.660,-0.636
1981-04-01,27.297,-0.530
1981-05-01,27.361,-0.575
1981-06-01,27.266,-0.464
1981-07-01,26.651,-0.643
1981-08-01,26.321,-0.536
1981-09-01,26.521,-0.197
1981-10-01,26.417,-0.301
1981-11-01,26.293,-0.411
1981-12-01,26.402,-0.200
1982-01-01,26.678,0.125
1982-02-01,26.600,-0.165
1982-03-01,27.423,0.128
1982-04-01,28.034,0.208
1982-05-01,28.386,0.449
1982-06-01,28.256,0.527
1982-07-01,27.658,0.364
1982-08-01,27.576,0.719
1982-09-01,28.205,1.486
1982-10-01,28.693,1.975
1982-11-01,28.614,1.909
1982-12-01,28.790,2.187
1983-01-01,28.883,2.330
1983-02-01,28.688,1.924
1983-03-01,28.665,1.369
1983-04-01,28.774,0.947
1983-05-01,28.839,0.903
1983-06-01,28.277,0.547
1983-07-01,27.190,-0.104
1983-08-01,26.598,-0.259
1983-09-01,26.204,-0.515
1983-10-01,25.571,-1.148
1983-11-01,25.420,-1.284
1983-12-01,25.576,-1.027
1984-01-01,25.879,-0.674
1984-02-01,26.570,-0.195
1984-03-01,26.777,-0.519
1984-04-01,27.145,-0.681
1984-05-01,27.199,-0.738
1984-06-01,26.825,-0.904
1984-07-01,26.782,-0.512
1984-08-01,26.604,-0.253
1984-09-01,26.376,-0.343
1984-10-01,26.039,-0.680
1984-11-01,25.519,-1.185
1984-12-01,25.260,-1.342
1985-01-01,25.393,-1.160
1985-02-01,26.037,-0.728
1985-03-01,26.504,-0.792
1985-04-01,26.653,-1.174
1985-05-01,26.908,-1.028
1985-06-01,26.812,-0.918
1985-07-01,26.550,-0.744
1985-08-01,26.294,-0.563
1985-09-01,26.016,-0.702
1985-10-01,26.228,-0.491
1985-11-01,26.326,-0.378
1985-12-01,26.192,-0.410
1986-01-01,25.893,-0.660
1986-02-01,26.065,-0.699
1986-03-01,26.882,-0.414
1986-04-01,27.494,-0.333
1986-05-01,27.408,-0.528
1986-06-01,27.425,-0.305
1986-07-01,27.178,-0.116
1986-08-01,27.169,0.312
1986-09-01,27.240,0.521
1986-10-01,27.515,0.796
1986-11-01,27.705,1.000
1986-12-01,27.714,1.112
1987-01-01,27.676,1.123
1987-02-01,27.890,1.125
1987-03-01,28.272,0.976
1987-04-01,28.400,0.573
1987-05-01,28.558,0.622
1987-06-01,28.642,0.912
1987-07-01,28.578,1.285
1987-08-01,28.413,1.556
1987-09-01,28.358,1.640
1987-10-01,27.952,1.234
1987-11-01,27.773,1.068
1987-12-01,27.543,0.941
1988-01-01,27.451,0.898
1988-02-01,27.037,0.272
1988-03-01,27.388,0.092
1988-04-01,27.381,-0.446
1988-05-01,26.685,-1.252
1988-06-01,25.990,-1.739
1988-07-01,25.556,-1.737
1988-08-01,25.665,-1.192
1988-09-01,25.717,-1.002
1988-10-01,24.824,-1.894
1988-11-01,24.657,-2.047
1988-12-01,24.640,-1.962
1989-01-01,24.591,-1.962
1989-02-01,25.292,-1.472
1989-03-01,26.086,-1.210
1989-04-01,26.752,-1.074
1989-05-01,27.066,-0.870
1989-06-01,27.143,-0.586
1989-07-01,26.715,-0.579
1989-08-01,26.324,-0.533
1989-09-01,26.414,-0.305
1989-10-01,26.315,-0.403
1989-11-01,26.250,-0.454
1989-12-01,26.465,-0.138
1990-01-01,26.564,0.011
1990-02-01,26.976,0.211
1990-03-01,27.339,0.043
1990-04-01,27.904,0.077
1990-05-01,28.018,0.082
1990-06-01,27.645,-0.084
1990-07-01,27.382,0.088
1990-08-01,27.074,0.218
1990-09-01,26.938,0.219
1990-10-01,26.934,0.215
1990-11-01,26.810,0.106
1990-12-01,26.958,0.356
1991-01-01,27.039,0.486
1991-02-01,27.079,0.314
1991-03-01,27.331,0.035
1991-04-01,28.016,0.189
1991-05-01,28.204,0.268
1991-06-01,28.249,0.519
1991-07-01,28.052,0.758
1991-08-01,27.528,0.671
1991-09-01,27.137,0.419
1991-10-01,27.576,0.857
1991-11-01,27.893,1.188
1991-12-01,28.276,1.674
1992-01-01,28.370,1.817
1992-02-01,28.526,1.761
1992-03-01,28.661,1.365
1992-04-01,29.015,1.189
1992-05-01,28.969,1.032
1992-06-01,28.301,0.572
1992-07-01,27.513,0.220
1992-08-01,26.908,0.051
1992-09-01,26.655,-0.064
1992-10-01,26.419,-0.299
1992-11-01,26.421,-0.283
1992-12-01,26.448,-0.154
1993-01-01,26.697,0.144
1993-02-01,27.173,0.408
1993-03-01,27.679,0.383
1993-04-01,28.412,0.585
1993-05-01,28.709,0.773
1993-06-01,28.080,0.351
1993-07-01,27.515,0.221
1993-08-01,26.985,0.128
1993-09-01,27.069,0.350
1993-10-01,26.775,0.057
1993-11-01,26.710,0.005
1993-12-01,26.761,0.159
1994-01-01,26.648,0.095
1994-02-01,26.818,0.053
1994-03-01,27.393,0.097
1994-04-01,28.078,0.252
1994-05-01,28.237,0.301
1994-06-01,28.039,0.309
1994-07-01,27.536,0.242
1994-08-01,27.379,0.522
1994-09-01,27.191,0.472
1994-10-01,27.471,0.752
1994-11-01,27.812,1.108
1994-12-01,27.851,1.249
1995-01-01,27.570,1.017
1995-02-01,27.495,0.730
1995-03-01,27.758,0.462
1995-04-01,28.107,0.280
1995-05-01,27.826,-0.110
1995-06-01,27.588,-0.141
1995-07-01,27.082,-0.212
1995-08-01,26.230,-0.627
1995-09-01,25.881,-0.837
1995-10-01,25.844,-0.874
1995-11-01,25.605,-1.099
1995-12-01,25.661,-0.941
1996-01-01,25.698,-0.855
1996-02-01,25.905,-0.860
1996-03-01,26.688,-0.608
1996-04-01,27.359,-0.467
1996-05-01,27.552,-0.384
1996-06-01,27.292,-0.438
1996-07-01,26.853,-0.441
1996-08-01,26.637,-0.220
1996-09-01,26.271,-0.448
1996-10-01,26.273,-0.445
1996-11-01,26.291,-0.413
1996-12-01,25.957,-0.645
1997-01-01,26.022,-0.531
1997-02-01,26.391,-0.374
1997-03-01,27.049,-0.246
1997-04-01,27.986,0.160
1997-05-01,28.576,0.639
1997-06-01,28.814,1.085
1997-07-01,28.846,1.553
1997-08-01,28.741,1.884
1997-09-01,28.842,2.123
1997-10-01,29.071,2.353
1997-11-01,29.108,2.404
1997-12-01,28.885,2.283
1998-01-01,28.925,2.372
1998-02-01,28.786,2.022
1998-03-01,28.629,1.333
1998-04-01,28.613,0.786
1998-05-01,28.516,0.580
1998-06-01,27.350,-0.379
1998-07-01,26.317,-0.977
1998-08-01,25.588,-1.269
1998-09-01,25.469,-1.250
1998-10-01,25.259,-1.459
1998-11-01,25.246,-1.458
1998-12-01,24.921,-1.682
1999-01-01,24.870,-1.684
1999-02-01,25.444,-1.321
1999-03-01,26.342,-0.954
1999-04-01,26.712,-1.115
1999-05-01,26.795,-1.142
1999-06-01,26.542,-1.188
1999-07-01,26.129,-1.165
1999-08-01,25.639,-1.218
1999-09-01,25.631,-1.088
1999-10-01,25.481,-1.237
1999-11-01,25.125,-1.579
1999-12-01,24.867,-1.735
2000-01-01,24.792,-1.761
2000-02-01,25.226,-1.539
2000-03-01,26.311,-0.985
2000-04-01,26.964,-0.863
2000-05-01,27.078,-0.859
2000-06-01,26.948,-0.781
2000-07-01,26.627,-0.667
2000-08-01,26.368,-0.489
2000-09-01,26.204,-0.515
2000-10-01,26.023,-0.696
2000-11-01,25.917,-0.787
2000-12-01,25.688,-0.914
2001-01-01,25.823,-0.730
2001-02-01,26.135,-0.630
2001-03-01,26.817,-0.479
2001-04-01,27.339,-0.488
2001-05-01,27.605,-0.331
2001-06-01,27.539,-0.191
2001-07-01,27.252,-0.042
2001-08-01,26.803,-0.054
2001-09-01,26.518,-0.201
2001-10-01,26.574,-0.145
2001-11-01,26.337,-0.367
2001-12-01,26.196,-0.406
2002-01-01,26.402,-0.151
2002-02-01,26.723,-0.042
2002-03-01,27.302,0.006
2002-04-01,27.849,0.023
2002-05-01,28.244,0.307
2002-06-01,28.442,0.712
2002-07-01,28.029,0.735
2002-08-01,27.720,0.863
2002-09-01,27.805,1.086
2002-10-01,27.956,1.238
2002-11-01,28.161,1.457
2002-12-01,27.968,1.366
2003-01-01,27.155,0.602
2003-02-01,27.402,0.638
2003-03-01,27.658,0.362
2003-04-01,27.686,-0.140
2003-05-01,27.325,-0.611
2003-06-01,27.443,-0.287
2003-07-01,27.497,0.203
2003-08-01,27.109,0.252
2003-09-01,26.984,0.265
2003-10-01,27.139,0.421
2003-11-01,27.042,0.337
2003-12-01,27.038,0.436
2004-01-01,26.827,0.274
2004-02-01,26.999,0.234
2004-03-01,27.413,0.117
2004-04-01,27.892,0.065
2004-05-01,27.988,0.052
2004-06-01,27.852,0.123
2004-07-01,27.768,0.474
2004-08-01,27.604,0.747
2004-09-01,27.522,0.804
2004-10-01,27.439,0.721
2004-11-01,27.360,0.656
2004-12-01,27.342,0.740
2005-01-01,27.210,0.657
2005-02-01,27.122,0.357
2005-03-01,27.739,0.443
2005-04-01,28.085,0.259
2005-05-01,28.239,0.302
2005-06-01,27.774,0.044
2005-07-01,27.066,-0.228
2005-08-01,26.805,-0.052
2005-09-01,26.684,-0.035
2005-10-01,26.652,-0.067
2005-11-01,26.110,-0.594
2005-12-01,25.680,-0.923
2006-01-01,25.641,-0.912
2006-02-01,26.090,-0.675
2006-03-01,26.584,-0.712
2006-04-01,27.508,-0.318
2006-05-01,27.846,-0.090
2006-06-01,27.729,-0.000
2006-07-01,27.298,0.004
2006-08-01,27.162,0.305
2006-09-01,27.320,0.601
2006-10-01,27.417,0.699
2006-11-01,27.696,0.991
2006-12-01,27.741,1.139
2007-01-01,27.253,0.700
2007-02-01,26.896,0.131
2007-03-01,27.119,-0.177
2007-04-01,27.512,-0.314
2007-05-01,27.465,-0.472
2007-06-01,27.373,-0.357
2007-07-01,26.704,-0.590
2007-08-01,26.134,-0.723
2007-09-01,25.607,-1.112
2007-10-01,25.329,-1.389
2007-11-01,25.172,-1.532
2007-12-01,25.023,-1.580
2008-01-01,24.873,-1.680
2008-02-01,25.100,-1.665
2008-03-01,26.087,-1.209
2008-04-01,26.837,-0.990
2008-05-01,27.093,-0.844
2008-06-01,27.045,-0.685
2008-07-01,26.993,-0.301
2008-08-01,26.724,-0.133
2008-09-01,26.466,-0.253
2008-10-01,26.368,-0.350
2008-11-01,26.246,-0.458
2008-12-01,25.743,-0.859
2009-01-01,25.665,-0.888
2009-02-01,25.973,-0.791
2009-03-01,26.599,-0.697
2009-04-01,27.476,-0.351
2009-05-01,27.993,0.057
2009-06-01,28.043,0.313
2009-07-01,27.774,0.480
2009-08-01,27.418,0.561
2009-09-01,27.400,0.681
2009-10-01,27.606,0.887
2009-11-01,28.154,1.450
2009-12-01,28.334,1.731
2010-01-01,28.065,1.511
2010-02-01,28.014,1.249
2010-03-01,28.192,0.896
2010-04-01,28.213,0.386
2010-05-01,27.722,-0.215
2010-06-01,27.045,-0.685
2010-07-01,26.225,-1.069
2010-08-01,25.474,-1.383
2010-09-01,25.128,-1.591
2010-10-01,25.031,-1.687
2010-11-01,25.063,-1.641
2010-12-01,24.999,-1.604
2011-01-01,25.018,-1.535
2011-02-01,25.664,-1.101
2011-03-01,26.383,-0.912
2011-04-01,27.072,-0.755
2011-05-01,27.419,-0.517
2011-06-01,27.354,-0.375
2011-07-01,26.872,-0.422
2011-08-01,26.217,-0.640
2011-09-01,25.924,-0.794
2011-10-01,25.673,-1.045
2011-11-01,25.527,-1.178
2011-12-01,25.546,-1.056
2012-01-01,25.686,-0.868
2012-02-01,26.090,-0.674
2012-03-01,26.683,-0.613
2012-04-01,27.327,-0.500
2012-05-01,27.615,-0.322
2012-06-01,27.749,0.019
2012-07-01,27.539,0.245
2012-08-01,27.317,0.460
2012-09-01,27.095,0.376
2012-10-01,26.977,0.258
2012-11-01,26.856,0.152
2012-12-01,26.344,-0.258
2013-01-01,26.033,-0.521
2013-02-01,26.254,-0.511
2013-03-01,27.045,-0.251
2013-04-01,27.578,-0.248
2013-05-01,27.536,-0.400
2013-06-01,27.300,-0.430
2013-07-01,26.900,-0.394
2013-08-01,26.474,-0.383
2013-09-01,26.538,-0.181
2013-10-01,26.517,-0.201
2013-11-01,26.562,-0.142
2013-12-01,26.440,-0.163
2014-01-01,26.046,-0.507
2014-02-01,26.138,-0.627
2014-03-01,27.011,-0.285
2014-04-01,27.904,0.077
2014-05-01,28.243,0.306
2014-06-01,27.945,0.215
2014-07-01,27.220,-0.074
2014-08-01,26.820,-0.037
2014-09-01,26.996,0.277
2014-10-01,27.148,0.430
2014-11-01,27.446,0.741
2014-12-01,27.308,0.706
2015-01-01,27.066,0.513
2015-02-01,27.198,0.433
2015-03-01,27.775,0.479
2015-04-01,28.524,0.697
2015-05-01,28.854,0.918
2015-06-01,28.905,1.175
2015-07-01,28.745,1.451
2015-08-01,28.777,1.920
2015-09-01,28.915,2.197
2015-10-01,29.073,2.355
2015-11-01,29.415,2.711
2015-12-01,29.257,2.654
2016-01-01,29.118,2.565
2016-02-01,29.012,2.248
2016-03-01,28.917,1.621
2016-04-01,28.733,0.907
2016-05-01,28.250,0.313
2016-06-01,27.712,-0.017
2016-07-01,26.828,-0.466
2016-08-01,26.292,-0.565
2016-09-01,26.157,-0.562
2016-10-01,25.989,-0.730
2016-11-01,25.955,-0.749
2016-12-01,26.102,-0.500
2017-01-01,26.135,-0.418
2017-02-01,26.682,-0.083
2017-03-01,27.327,0.032
2017-04-01,28.032,0.205
2017-05-01,28.291,0.355
2017-06-01,28.063,0.334
2017-07-01,27.552,0.258
2017-08-01,26.705,-0.152
2017-09-01,26.291,-0.428
2017-10-01,26.155,-0.564
2017-11-01,25.746,-0.958
2017-12-01,25.613,-0.990
2018-01-01,25.574,-0.979
2018-02-01,25.985,-0.780
2018-03-01,26.498,-0.798
2018-04-01,27.322,-0.504
2018-05-01,27.741,-0.196
2018-06-01,27.788,0.058
2018-07-01,27.436,0.142
2018-08-01,26.968,0.111
2018-09-01,27.205,0.486
2018-10-01,27.633,0.915
2018-11-01,27.624,0.920
2018-12-01,27.497,0.894
2019-01-01,27.211,0.658
2019-02-01,27.488,0.723
2019-03-01,28.110,0.814
2019-04-01,28.457,0.630
2019-05-01,28.500,0.563
2019-06-01,28.189,0.460
2019-07-01,27.654,0.360
2019-08-01,26.910,0.053
2019-09-01,26.764,0.046
2019-10-01,27.214,0.496
2019-11-01,27.238,0.534
2019-12-01,27.129,0.527
2020-01-01,27.159,0.606
2020-02-01,27.135,0.371
2020-03-01,27.777,0.481
2020-04-01,28.191,0.365
2020-05-01,27.665,-0.272
2020-06-01,27.393,-0.336
2020-07-01,26.997,-0.297
2020-08-01,26.272,-0.585
2020-09-01,25.893,-0.826
2020-10-01,25.468,-1.250
2020-11-01,25.290,-1.415
2020-12-01,25.453,-1.149
2021-01-01,25.554,-0.999
2021-02-01,25.761,-1.004
2021-03-01,26.495,-0.801
2021-04-01,27.107,-0.720
2021-05-01,27.475,-0.462
2021-06-01,27.446,-0.284
2021-07-01,26.900,-0.394
2021-08-01,26.321,-0.536
2021-09-01,26.162,-0.557
2021-10-01,25.773,-0.945
2021-11-01,25.757,-0.948
2021-12-01,25.536,-1.066
2022-01-01,25.601,-0.952
2022-02-01,25.869,-0.896
2022-03-01,26.317,-0.979
2022-04-01,26.707,-1.119
2022-05-01,26.818,-1.119
2022-06-01,26.969,-0.761
2022-07-01,26.587,-0.707
2022-08-01,25.875,-0.982
2022-09-01,25.640,-1.079
2022-10-01,25.718,-1.000
2022-11-01,25.793,-0.911
2022-12-01,25.743,-0.860
2023-01-01,25.835,-0.718
2023-02-01,26.303,-0.461
2023-03-01,27.184,-0.112
2023-04-01,27.962,0.135
2023-05-01,28.396,0.460
2023-06-01,28.564,0.834
2023-07-01,28.314,1.020
2023-08-01,28.205,1.348
2023-09-01,28.317,1.598
2023-10-01,28.438,1.720
2023-11-01,28.727,2.023
2023-12-01,28.633,2.031
2024-01-01,28.367,1.814
2024-02-01,28.285,1.521
2024-03-01,28.425,1.129
2024-04-01,28.610,0.783
2024-05-01,28.177,0.241
2024-06-01,27.913,0.183
2024-07-01,27.350,0.056
2024-08-01,26.747,-0.110
2024-09-01,26.470,-0.249
2024-10-01,26.459,-0.259
2024-11-01,26.468,-0.237
2024-12-01,26.016,-0.586
2025-01-01,25.816,-0.737
2025-02-01,26.333,-0.431
2025-03-01,27.303,0.007
2025-04-01,27.685,-0.141
2025-05-01,27.803,-0.133
2025-06-01,27.662,-0.067
2025-07-01,27.151,-0.143
2025-08-01,26.493,-0.364
2025-09-01,26.247,-0.471
2025-10-01,26.217,-0.501
2025-11-01,26.007,-0.697
2025-12-01,25.929,-0.673
2026-01-01,25.971,-0.582
2026-02-01,26.493,-0.271
2026-03-01,27.285,-0.010
2026-04-01,28.127,0.301
2026-05-01,28.841,0.904
2026-06-01,29.268,1.538
2026-07-01,29.285,1.991
2026-08-01,29.388,2.531
2026-09-01,29.577,2.859
